Time(Iteration),EpsilonGreedyMultiArmedBandit,UpperConfidenceBoundMultiArmedBandit,ThompsonSamplingMultiArmedBandit
0,0.2763684661506488,1.029944235529892,0.2763684661506488
1,0.5527369323012976,1.306312701680541,0.5527369323012976
