Time(Iteration),EpsilonGreedyMultiArmedBandit,UpperConfidenceBoundMultiArmedBandit,ThompsonSamplingMultiArmedBandit,PHEMultiArmedBandit
0,0.952813735979191,1.3316411277017188,1.3316411277017188,1.3316411277017188
1,2.2844548636809097,1.3316411277017188,1.3316411277017188,1.3316411277017188
