Time(Iteration),EpsilonGreedyMultiArmedBandit,UpperConfidenceBoundMultiArmedBandit,ThompsonSamplingMultiArmedBandit,PHEMultiArmedBandit
0,0.3182585221501877,0.3273076579506265,0.3273076579506265,0.3273076579506265
1,0.5405786991173682,0.6082575082670897,0.6082575082670897,0.6082575082670897
2,0.8903912258243383,0.9925592073241898,0.9925592073241898,0.9925592073241898
3,1.1502700017497642,1.2479349645750046,1.2479349645750046,1.2479349645750046
