Time(Iteration),EpsilonGreedyMultiArmedBandit,UpperConfidenceBoundMultiArmedBandit,ThompsonSamplingMultiArmedBandit,PHEMultiArmedBandit
0,0.329640458534936,0.2895701396594611,0.2895701396594611,0.2895701396594611
1,0.5803246926128489,0.5751016451730175,0.5751016451730175,0.5751016451730175
2,0.7976639856099877,0.8539589293225426,0.8539589293225426,0.8539589293225426
3,0.9939505745384922,1.1391670493668293,1.1391670493668293,1.1391670493668293
4,1.2004150287660538,1.3836787102383064,1.3836787102383064,1.3836787102383064
