Time(Iteration),EpsilonGreedyMultiArmedBandit,UpperConfidenceBoundMultiArmedBandit,ThompsonSamplingMultiArmedBandit
0,0.0,0.2798146685167867,1.2516002523514325
1,0.2798146685167867,0.5596293370335734,1.2516002523514325
