Time(Iteration),EpsilonGreedyMultiArmedBandit,UpperConfidenceBoundMultiArmedBandit,ThompsonSamplingMultiArmedBandit
0,0.8619367465754211,0.0,0.8619367465754211
1,1.7238734931508422,0.8619367465754211,0.8619367465754211
