Time(Iteration),EpsilonGreedyMultiArmedBandit,UpperConfidenceBoundMultiArmedBandit,ThompsonSamplingMultiArmedBandit
0,0.4405202158507504,0.6562681702754685,0.7213277509955288
1,0.8297941059592249,0.9747850941624485,1.149050787350833
2,1.1267594443754343,1.4025081305177527,1.149050787350833
3,1.5160333344839088,2.1570001135960633,1.5508536093573486
