Time(Iteration),EpsilonGreedyMultiArmedBandit,UpperConfidenceBoundMultiArmedBandit,ThompsonSamplingMultiArmedBandit
0,0.19573503593378505,0.6209238767070393,0.6336667383712884
1,0.6188969850586143,0.8150567739989013,0.9707837408378204
2,0.8146320209923994,1.385044311968341,1.5407712788072603
3,1.185808103760225,1.8398399659032847,2.1143504126557486
4,1.522925106226757,2.5752175645886646,2.376221608861866
5,1.718660142160542,3.013790809930626,2.8342199914245922
6,2.29223927600903,3.5030281780451906,3.2529323461069497
7,2.487974311942815,3.5888358726942244,3.4268431711915124
8,2.573782006591849,3.8507070689003418,3.6007539962760755
