Time(Iteration),EpsilonGreedyMultiArmedBandit,UpperConfidenceBoundMultiArmedBandit,ThompsonSamplingMultiArmedBandit,PHEMultiArmedBandit
0,0.7716488674212464,0.5601718348249399,0.5601718348249399,0.5601718348249399
1,1.0928696222643242,1.5060510632978898,1.5060510632978898,1.5060510632978898
2,1.0928696222643242,1.7365384347610986,1.7365384347610986,1.7365384347610986
