Time(Iteration),EpsilonGreedyLinearBanditTheta,UpperConfidenceBoundLinearBanditTheta
0,0.851533526262991,0.851533526262991
1,0.6015548226122364,0.7516448977440404
